id,name,manufacturer,model,category,categories,image,imageAlt,monthlyPayment,year,drivetrain,shortDescription,details
kia-picanto ,Kia Picanto,Kia,Picanto,מיני ,"[""מיני""]",https://kia-israel.co.il/wp-content/uploads/2017/03/302908.46_web_pic_picanto_b_1920-%C3%97-12005.jpg,צעיר חסכוני משתלם,1061,2026,בנזין,"קטנה מבחוץ, גדולה בדיוק במה שצריך","[""עירונית"",""קלה לחניה"",""חסכונית""]"
kia-stonic,Kia Stonic,Kia,Stonic,SUV,"[""משפחתי""]",https://kia-israel.co.il/wp-content/uploads/2026/06/%D7%A7%D7%99%D7%94-%D7%A1%D7%98%D7%95%D7%A0%D7%99%D7%A7-3.png,חסכוני משפחתי ,1379,2026,בנזין,"הקרוסאובר הנמכר ביותר בישראל חוזר בעיצוב חיצוני מרהיב, אורבני ומלא סטייל","[""עירונית"",""קלה לחניה"",""חסכונית""]"
kia-sportage ,Kia Sportage Plug-In,Kia,Sportage Plug-In,PLUG IN,"[""משפחתי"",""PLUG IN""]",https://kia-israel.co.il/wp-content/uploads/2026/08/img_860834.webp,משפחתי חסכוני ,2334,2026,בנזין,"מרווחת, חסכונית ומוכנה לכל הדרך","[""משפחתית"",""חסכונית"",""מרווחת""]"
kia-ev3,Kia EV3,Kia,KIA EV3,חשמלי,"[""חשמלי"",""משפחתי""]",https://kia-israel.co.il/wp-content/uploads/2026/05/img_543136.webp,רכב חשמלי עירוני בעיצוב מודרני,1857,2026,חשמלי,חשמלית מרווחת,"[""משפחתית"",""חשמלית"",""מרווחת""]"
kia-karnival,Kia Karnival Hybrid,Kia,Kia Karnival Hybrid,SUV,"[""מרווחת"",""SUV"",""היברידי""]",https://kia-israel.co.il/wp-content/uploads/2024/12/22588_2025_Carnival-1.png,משפחתי חסכוני ,3715,2026,בנזין,"מרווחת, חסכונית ומוכנה לכל הדרך","[""משפחתית"",""חסכונית"",""מרווחת""]"
kia-karnival-g,Kia Karnival Gasoline ,Kia,Kia Karnival Gasoline ,SUV,"[""8 מקומות"",""מרווחת"",""משפחתי""]",https://kia-israel.co.il/wp-content/uploads/2025/04/%D7%A7%D7%99%D7%94-%D7%A7%D7%A8%D7%A0%D7%99%D7%91%D7%9C-%D7%A9%D7%97%D7%95%D7%A8.png,משפחתי מרווח ,3173,2026,בנזין,"מרווחת, חסכונית ומוכנה לכל הדרך","[""משפחתית"",""חסכונית"",""מרווחת""]"
kia sportage ,Kia Sportage Hybrid,Kia,Kia Sportage Hybrid,Hybrid,"[""משפחתי"",""היברידי""]",https://kia-israel.co.il/wp-content/uploads/2026/08/img_860834.webp,משפחתי חסכוני ,1963,2026,בנזין,"מרווחת, חסכונית ומוכנה לכל הדרך","[""משפחתית"",""חסכונית"",""מרווחת""]"
chery-tiggo-8-pro,Chery Tiggo 8 Pro,Chery,Chery Tiggo 8 pro,Hybrid,"[""7 מקומות"",""מרווחת"",""משפחתי""]",https://cheryisrael.co.il/wp-content/uploads/2025/01/tiggo8-phev-home-img-04.jpg,משפחתי חסכוני ,2074,2026,בנזין,,[]
chery-tiggo-4 ,Chery Tiggo 4 ,Chery,Chery Tiggo 4 ,Hybrid,"[""מרווחת"",""SUV""]",https://cheryisrael.co.il/wp-content/themes/zemingo-cars-18-12-2022/360/tiggo-4-pro-ex/metallic-grey.png,קרוסאובר עירוני קומפקטי,1388,2026,בנזין,,[]
tiggo-8-pro-ultimate,Tiggo 8 Pro Ultimate,Chery,Tiggo 8 Pro Ultimate,Hybrid,"[""7 מקומות"",""מרווחת"",""משפחתי""]",https://cheryisrael.co.il/wp-content/uploads/2025/01/tiggo8-phev-home-img-04.jpg,רכב SUV מרווח בנסיעה מחוץ לעיר,2190,2026,היברדי,,[]
BYD-ATTO2,BYD ATTO2,BYD,BYD ATTO2,Hybrid,"[""משפחתי"",""היברידי""]",https://bydauto.co.il/wp-content/uploads/2025/11/18%E3%80%81ATTO2_LHD_Exterior_Black_download_Left-Front-45%C2%B0_PNG-copy.webp,אורבני קומפקטי,1580,2026,בנזין,עיצוב צעיר חסכוני ,[]
BYD-DOLPHIN,BYD DOLPHIN,BYD,BYD DOLPHIN,חשמלי,"[""חשמלי"",""משפחתי""]",https://bydauto.co.il/wp-content/uploads/2024/01/19%E3%80%81DOLPHIN_LHD_Comfort_Black_download_Left-Front-45%C2%B0_PNG.webp,עיצוב מודרני ,1550,2026,חשמלי,עיצוב צעיר חסכוני ,[]
Seal-5-DM-i-Comfort,BYD Seal 5 DM-i Comfort,BYD,BYD,PLUG IN,"[""משפחתי"",""PLUG IN""]",https://bydauto.co.il/wp-content/uploads/2024/12/15%E3%80%81SEAL-5-DM-i_LHD_Exterior_Black_download_Left-Front-45%C2%B0_PNG.webp,עיצוב אלגנטי משפחתי,1803,2026,היברדי,,"[""משפחתית"",""חסכונית"",""מרווחת""]"
JAECCO-5,JAECCO 5,JAECCO ,JAECCO 5,HYBRID,"[""משפחתי"",""היברידי""]",https://api2.colmobil.co.il/jaecoo/wp-content/uploads/sites/6/2025/06/j5-white-desktop.png,,1583,2026,בנזין,"מרווחת, חסכונית ומוכנה לכל הדרך","[""משפחתית"",""חסכונית"",""מרווחת""]"
JAECCO-5,JAECCO 5,JAECCO ,JAECCO 5,חשמלי,"[""משפחתי"",""חסכוני""]",https://api2.colmobil.co.il/jaecoo/wp-content/uploads/sites/6/2025/06/j5-white-desktop.png,משפחתי חסכוני,1718,2026,חשמלי ,"מרווחת, חסכונית ומוכנה לכל הדרך","[""משפחתית"",""חסכונית"",""מרווחת""]"
JAECCO-7,JAECCO 7,JAECCO ,JAECCO 7,HYBRID,"[""משפחתי"",""חסכוני""]","https://res.cloudinary.com/colmobil/images/f_auto,q_auto/v1745238534/jaecoo-phev/jaecoo-phev.png?_i=AA",משפחתי חסכוני,1990,2026,היברדי,,"[""משפחתית"",""חסכונית"",""מרווחת""]"
JAECCO-8,JAECCO 8,JAECCO ,JAECCO 8,HYBRID,"[""משפחתי"",""חסכוני""]","https://res.cloudinary.com/colmobil/images/f_auto,q_auto/v1757856683/Frame-1000004622/Frame-1000004622.png?_i=AA",רכב suv  מרווח בנסיעה ,2396,2026,היברדי,,"[""משפחתית"",""חסכונית"",""מרווחת""]"
